,Random Forest,GNN
Accuracy,0.517051705170517,0.528052805280528
Macro F1,0.5071897162776287,0.5124009953461927
